stp_214_1,GTTGTTGGGGTACGCA,1.000
stp_214_0,TATCGGGC,0.427
stp_214_2,TGACAACA,0.582
stp_215_1,CTATTTCAAATACACG,1.000
stp_215_0,CGGCCCGG,0.924
stp_215_2,GGGCAACC,0.824
stp_212_1,CAAGAACTCGACACAT,1.000
stp_212_0,CCGATGGA,0.831
stp_212_2,ACGACTTT,0.497
stp_213_1,TCGTATCCATGATGGGTGTGGGGG,1.000
stp_213_0,GTATTAGG,0.308
stp_210_1,TTCTGACACGATACCT,1.000
stp_210_0,GCAATCCT,0.814
stp_210_2,TTACTTTT,0.343
stp_211_1,GACCTCGT,0.602
stp_211_0,CTAAAGGTCAGCGGCGGTCCGTTT,1.000
stp_165_1,AGCCCAAGCCATGCCA,1.000
stp_165_0,GGAAGCTG,0.763
stp_165_2,CTGTATAG,0.200
stp_133_1,GGTGACACTAGGGTCG,1.000
stp_133_0,TGTGCCTC,0.710
stp_133_2,GGCAGCGT,0.750
stp_132_1,TGACAGCACCAAGCGA,1.000
stp_132_0,GTGAGTCC,0.696
stp_132_2,TTCTCCTG,0.540
stp_131_1,AAAGGCACTCCCCCAT,1.000
stp_131_0,GCTAGTCA,0.818
stp_131_2,ATGTCACG,0.736
stp_130_1,ATCCTACCAAATTGGT,1.000
stp_130_0,GTACGACC,0.463
stp_130_2,GCCCGGGT,0.706
stp_137_1,GCCGCCTATCAAATGC,1.000
stp_137_0,TGGACACT,0.725
stp_137_2,GGATCGAG,0.625
stp_136_1,ATACACCAGGTTCGGC,1.000
stp_136_0,ATAAAGCT,0.311
stp_136_2,ACGCTTAA,0.399
stp_135_1,GCGCATTCGGGACATG,1.000
stp_135_0,CTGAGTCA,0.479
stp_135_2,ACTAAGGA,0.446
stp_134_1,GCGTAACCACATGCGC,1.000
stp_134_0,GACCCCGC,0.621
stp_134_2,TCCTAAAC,0.611
stp_139_1,CTTTAAAGTATACGGG,1.000
stp_139_0,AGCCTTTT,0.576
stp_139_2,CCTGTTCC,0.729
stp_138_1,GCGGTCGACGCCTTAC,1.000
stp_138_0,TCTTCTAT,0.394
stp_138_2,TTCACATC,0.374
stp_166_1,GGATCAATCCAACTTT,1.000
stp_166_0,ACCCGACT,0.644
stp_166_2,TTCCGTGG,0.649
stp_24_1,CATACGGTTTCGGGCG,1.000
stp_24_0,GCCTTGTG,0.897
stp_24_2,TCTGCGGG,0.715
stp_25_1,GTAATTGAGGATCGGA,1.000
stp_25_0,TAAACCAC,0.373
stp_25_2,TATGCCGC,0.726
stp_26_1,GATACAATGGTCGGCA,1.000
stp_26_0,GTTCGATT,0.413
stp_26_2,TAGGAACA,0.363
stp_27_1,ACGACCTTACGAACCA,1.000
stp_27_0,CCTGAGTT,0.480
stp_27_2,TAGGCAGG,0.657
stp_20_1,TATCGACCCGGGAAAT,1.000
stp_20_0,CTGTCTAG,0.334
stp_20_2,CAGAGCAT,0.672
stp_21_1,AGCTGATTCTCTACAC,1.000
stp_21_0,ATATCCAA,0.240
stp_21_2,GTATCATA,0.267
stp_22_1,GTGGTAGTCAATCGAA,1.000
stp_22_0,ACGACTGT,0.544
stp_22_2,TGGCCGTT,0.646
stp_23_1,CGTGCGAAATTGTTCGCATCCAGC,1.000
stp_23_0,TACTGCCG,0.679
stp_160_1,CTAAGAGC,0.405
stp_160_0,GGTTAGTCCGTCATTTTATTCCGG,1.000
stp_28_1,CACCACCTTTTATCCT,1.000
stp_28_0,ACGTCAGA,0.581
stp_28_2,ATGGGTAG,0.589
stp_29_1,TTTAAACGCAGTGGGG,1.000
stp_29_0,CAGTAGGG,0.533
stp_29_2,AACATGTT,0.471
stp_161_1,TAATAGCTACAAGGTA,1.000
stp_161_0,CATCAGTA,0.612
stp_161_2,TAATGGAG,0.458
stp_0_1,ACTTAATAGATCCAGA,1.000
stp_0_0,AGTTAGTT,0.585
stp_0_2,ACACTAAC,0.607
stp_4_1,TGGAAGGGCCGAGACC,1.000
stp_4_0,TGACACCT,0.754
stp_4_2,AAACTTCC,0.680
stp_8_1,CAGATTTCAGTGCACT,1.000
stp_8_0,GTCATGGC,0.836
stp_8_2,AGTGAAAC,0.702
stp_163_1,CTTGCTGCTAAGTCGC,1.000
stp_163_0,CCAGCACG,0.826
stp_163_2,ACACTCGA,0.491
stp_119_1,CTGCAGGTCAACGTCA,1.000
stp_119_0,CTGCACTT,0.636
stp_119_2,TAAGCAAG,0.298
stp_120_1,ACATGCTCTACTCCGTCACCACGG,1.000
stp_120_0,AGTTTCGA,0.518
stp_121_1,TTACTGCTTCGCAGAA,1.000
stp_121_0,AAGAGATG,0.509
stp_121_2,CATTGTAA,0.299
stp_122_1,ACGTTCCTTTGTTCCA,1.000
stp_122_0,GAAAATTA,0.270
stp_122_2,CCTCCACC,0.802
stp_123_1,GCCAGTTTCCTTCATG,1.000
stp_123_0,TGTGCAGT,0.651
stp_123_2,TGAGTCTG,0.625
stp_124_1,GGATCCCATACCGCGT,1.000
stp_124_0,ATGTGAAT,0.289
stp_124_2,ACTTAGCA,0.611
stp_125_1,AAATCAAACGAGGCACCTGCACCG,1.000
stp_125_0,CACACCCT,0.829
stp_126_1,CGCAAACGTTTTTCCC,1.000
stp_126_0,ACAGAATT,0.409
stp_126_2,CAGGAGTG,0.482
stp_127_1,ATTGATTC,0.433
stp_127_0,GTCATCAATAGAATCGCGGAGTGA,1.000
stp_128_1,GGTAAAATGGCCAGGA,1.000
stp_128_0,CCATCTCG,0.820
stp_128_2,CGATGCCT,0.683
stp_129_1,GGCTCCCTATTTAGGC,1.000
stp_129_0,GTGTCAGT,0.675
stp_129_2,GATGCAAG,0.489
stp_167_1,CTCGAAACCGGTGCGT,1.000
stp_167_0,CCGCATGA,0.765
stp_167_2,TCGCTGAT,0.417
stp_118_1,ATGGACAGTTACTATT,1.000
stp_118_0,CCAGGTCT,0.571
stp_118_2,ACACTTCT,0.568
stp_59_1,CCGCCCGGTCGGGTAG,1.000
stp_59_0,ACAGTCTT,0.647
stp_59_2,ACGCAGAG,0.566
stp_58_1,CCTAGGTGTTGGCGGC,1.000
stp_58_0,TTAGGCGC,0.523
stp_58_2,GGTTGTAG,0.503
stp_55_1,AAGGTATTGGCGCATG,1.000
stp_55_0,TCTATACT,0.520
stp_55_2,AGCGTTCA,0.744
stp_54_1,TGTAGAAATACGGCTG,1.000
stp_54_0,CAAAACAC,0.529
stp_54_2,GCGCAAGC,0.944
stp_57_1,CCTGCTGGCCGATGCG,1.000
stp_57_0,CTAAGCTA,0.535
stp_57_2,AGGCCACG,0.880
stp_56_1,CATGTGGTTCACTTCA,1.000
stp_56_0,CCGGCACC,0.857
stp_56_2,GAACGAGT,0.495
stp_51_1,GACGCCCATTGCTGGA,1.000
stp_51_0,TTGTATAA,0.238
stp_51_2,AGTCACCT,0.645
stp_50_1,TTCCCTGCTACTCAAC,1.000
stp_50_0,CAAGAGCT,0.615
stp_50_2,TCACTCCG,0.725
stp_53_1,TTAGCTAGATCTCCAC,1.000
stp_53_0,GTCTTAAT,0.388
stp_53_2,GCGACCTA,0.522
stp_52_1,GGGTTCGAGTCTCAAA,1.000
stp_52_0,GTGCAACC,0.667
stp_52_2,CTCGCCAG,0.539
stp_164_1,AGAACGGCGGGGTATAGCGCAGAC,1.000
stp_164_0,ATACATAT,0.163
stp_201_1,CCTGTGCTCTGGCTAC,1.000
stp_201_0,TTAGAGGA,0.235
stp_201_2,AAAATAAG,0.393
stp_199_1,GTTCCCTCCTAGCATC,1.000
stp_199_0,CTTTGACG,0.724
stp_199_2,TCTGTGGA,0.392
stp_179_1,GGGTGGTCAAGATCCG,1.000
stp_179_0,GAACTTAC,0.473
stp_179_2,CATGAGGC,0.698
stp_200_1,TATCCGCTCCAGCTCG,1.000
stp_200_0,CAGTTGTT,0.690
stp_200_2,CGCCTGAC,0.734
stp_195_1,AATTTCATCGCGCCGC,1.000
stp_195_0,CTTGACTT,0.353
stp_195_2,GTGTAGGT,0.579
stp_194_1,AACGAACGTGGTCTGG,1.000
stp_194_0,ATAAGCTG,0.445
stp_194_2,GACAGGCG,0.855
stp_197_1,GCTCTGAGTACATACA,1.000
stp_197_0,GAGCTTAG,0.479
stp_197_2,ACACGAGC,0.830
stp_178_1,GGGCTTGTGCTACAGGGATAGGCT,0.585
stp_178_0,TTACGACG,0.430
stp_191_1,GGAGCGGATTGCCTAA,1.000
stp_191_0,AAGATCTT,0.421
stp_191_2,CTCTGCGCGATGTACG,1.000
stp_190_1,ACCGGTCACGAATCCCACAACGGG,0.585
stp_190_0,ACGTTATG,0.626
stp_193_1,TATGTGATACTGGGGCCTAGTAAT,1.000
stp_193_0,CCTCCAGG,0.768
stp_192_1,TGTTGCAAAATGCGTC,1.000
stp_192_0,GTGATCCC,0.816
stp_192_2,CGAAAAAG,0.407
stp_115_1,TGTCTGGAAACGTGCA,1.000
stp_115_0,TCGCATGC,0.822
stp_115_2,CAACAGCT,0.743
stp_114_1,AATCACAACGTGAATTTGTAAGCG,1.000
stp_114_0,TGACCCCA,0.673
stp_88_1,CCACGATG,0.470
stp_88_0,TAACACATGAATGTAAAAGTCGGC,1.000
stp_89_1,CTCCGAGATGTGGCTG,1.000
stp_89_0,AATATTTT,0.287
stp_89_2,TCATGGGG,0.628
stp_111_1,TAGTACAAAATACTAGAACTGTCG,0.537
stp_111_0,ACTATGCT,0.606
stp_110_1,TTGCGTCAACACGTGC,1.000
stp_110_0,CATACTCA,0.514
stp_110_2,ACGGTGGT,0.788
stp_113_1,CTAAATCTTTTCCATT,1.000
stp_113_0,GACGGTTG,0.692
stp_113_2,AACTCTTC,0.528
stp_112_1,AAAGTACTTACCACGTTGATTGTA,0.543
stp_112_0,GGCATTTC,0.680
stp_82_1,TACCAGGAGACATACC,1.000
stp_82_0,ATTAGGTA,0.169
stp_82_2,ATGTTATGTGGGCCAG,1.000
stp_83_1,AAACTCGTCATGTCTA,1.000
stp_83_0,ACGGTCCT,0.764
stp_83_2,TCAGGTAG,0.463
stp_80_1,GGTTTGAG,0.698
stp_80_0,CTAGTATAGGGTGGATGCCCCGTA,1.000
stp_81_1,CCGTGCCGTTGTTAAG,1.000
stp_81_0,AGACGTTT,0.405
stp_81_2,CGCCGTCA,0.777
stp_86_1,GTTTTAGCAGGCCAGA,1.000
stp_86_0,CGTGTATG,0.456
stp_86_2,GAGGCGCA,0.624
stp_87_1,GGCAGGGA,0.663
stp_87_0,GTCGAAGCGCCCGACCATGGTCAC,1.000
stp_84_1,CTGGACATTTGGTGTA,1.000
stp_84_0,AACGATAT,0.215
stp_84_2,TTGGGGCT,0.582
stp_85_1,ATATGTCCGGGTGCAT,1.000
stp_85_0,GCACCTTC,0.791
stp_85_2,CCGGAAAG,0.435
stp_198_1,CATTTTTCGTCGCGTT,1.000
stp_198_0,CATAAGAT,0.420
stp_198_2,GTTTCCCA,0.633
stp_206_1,GTCCGCTGTGGCCCAT,1.000
stp_206_0,TACCAGAA,0.301
stp_206_2,CTGGGGAC,0.413
stp_3_1,TCTATGAAATAGCAAA,1.000
stp_3_0,GCGTTGTG,0.764
stp_3_2,ACCCGCAG,0.731
stp_177_1,GGATTTTCACACTGCT,1.000
stp_177_0,TAGAAAAT,0.189
stp_177_2,GTCTAACA,0.590
stp_7_1,CCAGCAATCATATGCG,1.000
stp_7_0,CCGCAAAG,0.492
stp_7_2,TGTACATC,0.535
stp_108_1,CGGCCGCT,0.942
stp_108_0,ACCTGAGCGCTGCCCCTAGGGATG,1.000
stp_109_1,TTGTGCCGATAGGTGAAATTAGGA,1.000
stp_109_0,TATAGATA,0.094
stp_102_1,TAAGAAAGGAGTCTTC,1.000
stp_102_0,GAAACTGA,0.432
stp_102_2,CGACCCTG,0.713
stp_103_1,TTCTGCATCGTTTTAT,1.000
stp_103_0,CCGGGGGA,0.854
stp_103_2,CCCACCGT,0.865
stp_100_1,TGGGCGGAGCGCGGAA,1.000
stp_100_0,AGACCCAC,0.766
stp_100_2,CCCCGGGG,0.709
stp_101_1,CATTACAGGGATTGTT,1.000
stp_101_0,TCCACAGA,0.706
stp_101_2,AATTGCTA,0.258
stp_106_1,AGCGGGTCGTCAAAAG,1.000
stp_106_0,CCTCGAAT,0.216
stp_106_2,AACTTGCA,0.720
stp_107_1,AGCTGTAAATGCCCAT,1.000
stp_107_0,TGCTTACC,0.828
stp_107_2,CGTTCCGG,0.905
stp_104_1,AGCCCCAT,0.680
stp_104_0,TGAGGGAGTCGGTTTGTAACTCTC,1.000
stp_105_1,GGTCAGTGGTCCAACAACCGACTT,1.000
stp_105_0,GGCGGACG,0.871
stp_39_1,ACAGGTGTGTCGAACG,1.000
stp_39_0,TTCGCTCG,0.719
stp_39_2,GGCGTAGC,0.846
stp_38_1,CTAGTTCGCCACTAAT,1.000
stp_38_0,CCTCCCTC,0.696
stp_38_2,GTTGTGAC,0.483
stp_33_1,TTTGCTTTATTGTTGA,1.000
stp_33_0,CTGAGATA,0.134
stp_33_2,CCTGAGGG,0.650
stp_32_1,CTGATATTGAGCCGAGCGTCCTGG,1.000
stp_32_0,TTGTGGCA,0.637
stp_31_1,GCCCGGCTGGACGCAT,1.000
stp_31_0,AAGTTCCC,0.574
stp_31_2,CGCCATCA,0.760
stp_30_1,GGCCATCTTTCAGCGA,1.000
stp_30_0,CGCCTACA,0.638
stp_30_2,ACTAACGA,0.448
stp_37_1,ATTACCGTCCTTGTAC,1.000
stp_37_0,TTCAGGTC,0.435
stp_37_2,CTTCTAGA,0.682
stp_36_1,AGCCATAATAGGGAAC,1.000
stp_36_0,GAGGACTG,0.624
stp_36_2,CCCAGTCA,0.833
stp_35_1,CTTGACCGACACGCGT,1.000
stp_35_0,ACACAGAA,0.435
stp_35_2,AGAAATTT,0.439
stp_34_1,CGACGTAGGTGCGGTA,1.000
stp_34_0,TGAAACCC,0.782
stp_34_2,CCGTCACA,0.676
stp_205_1,AAAGCAAAAAGGGTATCTGTGTCC,1.000
stp_205_0,CTCGTCCT,0.685
stp_176_1,GCTAACCTGGAGTAGC,1.000
stp_176_0,GCCAGCGA,0.853
stp_176_2,ATAATGAC,0.430
stp_60_1,CGCGAGGGACAGGGTG,1.000
stp_60_0,CGCACTTA,0.625
stp_60_2,GGACCTCC,0.763
stp_61_1,TAACGGCAAGGTCGAA,1.000
stp_61_0,CTTTGGTC,0.493
stp_61_2,GGGGCCCT,0.845
stp_62_1,CTCGTGCGCGCCACCT,1.000
stp_62_0,CCACTTTC,0.527
stp_62_2,ATATTTCT,0.335
stp_63_1,GGCGCTGAGCTATTCCGTGTACGC,1.000
stp_63_0,GAGACCCC,0.626
stp_64_1,ATTAAGGGTGCCCGCT,1.000
stp_64_0,CCCGCGTT,0.468
stp_64_2,TAGATCAT,0.395
stp_65_1,CGTGTCCGTGTCTGAC,1.000
stp_65_0,TATGTTTG,0.533
stp_65_2,CACGTTGA,0.752
stp_66_1,GAGCAAGTGGGAATAG,1.000
stp_66_0,TGGGCGTC,0.664
stp_66_2,ATCCCGGG,0.567
stp_67_1,GAAGAGCAGCTAACGG,1.000
stp_67_0,GTTAATAT,0.289
stp_67_2,TGTTAAAG,0.535
stp_68_1,AATTATTTCGCCTTTC,1.000
stp_68_0,AGGAACGT,0.647
stp_68_2,CTGGGGGG,0.603
stp_69_1,TGTTACAACAGTCCGGCCGGTTAC,1.000
stp_69_0,CGCCAAAG,0.591
stp_175_1,GAATCATGACCGGCCACAAAACTG,1.000
stp_175_0,CACAAGCG,0.820
stp_174_1,TGTGTGACTGAGCATG,1.000
stp_174_0,GTAGCAAG,0.431
stp_174_2,CGTCGCCT,0.769
stp_173_1,CATTATACCCACATAT,1.000
stp_173_0,TACCACCC,0.583
stp_173_2,CGATAGAA,0.463
stp_172_1,TCGACTATTCTTAGGA,1.000
stp_172_0,ATTTTAAT,0.323
stp_172_2,TACCTTGA,0.416
stp_171_1,ACTATGGGATCTCTCG,1.000
stp_171_0,CCCATTAC,0.354
stp_171_2,ATGAGACC,0.539
stp_170_1,CGATGCTCGATACTCC,1.000
stp_170_0,GCAGGTTG,0.750
stp_170_2,GAGAACGC,0.622
stp_203_1,TGCACCCCCTCGTGAG,1.000
stp_203_0,AGTATATG,0.511
stp_203_2,TATCCCTA,0.195
stp_181_1,GGTGTGGTCGATCCAC,1.000
stp_181_0,TTTGCTCT,0.545
stp_181_2,CAAGCATC,0.574
stp_182_1,CGGTACCAACGATCTG,1.000
stp_182_0,TCGTGACT,0.565
stp_182_2,CGGACGAT,0.545
stp_183_1,TACAAGAAAACTCAGA,1.000
stp_183_0,GCGAGACG,0.899
stp_183_2,GAGCGTAG,0.357
stp_180_1,GTAGGTTTACACATCA,1.000
stp_180_0,TGATTGCT,0.660
stp_180_2,AATGTAGT,0.345
stp_2_1,ACATCGGA,0.648
stp_2_0,GCGAGAATTCTTGAGGTCATTCTT,1.000
stp_162_1,CATCACAGAGGCTCGG,1.000
stp_162_0,AGGTCGGA,0.416
stp_162_2,CAATACAG,0.469
stp_187_1,GTAGCCCTGAACAATA,1.000
stp_187_0,TCGGGGCG,0.876
stp_187_2,ATCATGCA,0.562
stp_184_1,ACAGAGCTGCCTCCTG,1.000
stp_184_0,TAGAGCAA,0.361
stp_184_2,TCTTTAAG,0.533
stp_6_1,GTAACATCAGCAACGG,1.000
stp_6_0,ACGTGACA,0.596
stp_6_2,GGGCGAAA,0.514
stp_186_1,GCATTAGCCACTCTAC,1.000
stp_186_0,ATTTTGGC,0.734
stp_186_2,GGGGGTGT,0.757
stp_188_1,TTGGACAAAGAGGTCC,1.000
stp_188_0,TTGACCTG,0.463
stp_188_2,TTCAAGTG,0.582
stp_189_1,AGATCTGGATAAGCCTGAACACTC,1.000
stp_189_0,TTCGAACA,0.610
stp_202_1,TGACGGTCTGCTGTTC,1.000
stp_202_0,TAATACAA,0.287
stp_202_2,GTGTGCGA,0.517
stp_196_1,TGGATCGC,0.893
stp_196_0,CGTTCAGCTTAACGACAAACTACA,1.000
stp_185_1,TAGAGGTTCCTGGAAC,1.000
stp_185_0,TTTTGCTA,0.296
stp_185_2,TAGTGACA,0.245
stp_99_1,GCATAGTA,0.537
stp_99_0,GAAGTGTGATGCACATCTCTGTCC,1.000
stp_98_1,CCTCGCGCACAGTAAG,1.000
stp_98_0,GCTATGGC,0.813
stp_98_2,ATGTAGGC,0.693
stp_168_1,TGTTCCCAGGGAGCCC,1.000
stp_168_0,GGAGTACC,0.741
stp_168_2,CTCACGTA,0.497
stp_169_1,TGAGCACTCTCGACGT,1.000
stp_169_0,ATCGTCTG,0.562
stp_169_2,GTAAGTGA,0.340
stp_91_1,GGAGATTTACAAAGCT,1.000
stp_91_0,TGCGTCTG,0.721
stp_91_2,ACGTCTCT,0.803
stp_90_1,TCGGTAAAGTGTTTTC,1.000
stp_90_0,GTCACTAT,0.343
stp_90_2,CGTAGTGT,0.832
stp_93_1,TATGTATCGTGCTATTCCGTCTTT,0.997
stp_93_0,TTAGCCGT,0.485
stp_92_1,AGCTTTACCCGTGAAA,1.000
stp_92_0,AGCCATCC,0.806
stp_92_2,TGATGACG,0.733
stp_95_1,AGTGTAACCGTCGTCG,1.000
stp_95_0,AGGCGGCT,0.688
stp_95_2,TCCGACCT,0.599
stp_94_1,CGCTAACTTAGGCAAG,1.000
stp_94_0,CGCTTATA,0.350
stp_94_2,CTTCCATG,0.496
stp_97_1,TAGGGCCCAATAGCCT,1.000
stp_97_0,CCAACGGA,0.639
stp_97_2,GCTTTAAC,0.615
stp_96_1,CGCTACTGGCTGTCAT,1.000
stp_96_0,AAGGCCTT,0.597
stp_96_2,GGACCGGA,0.575
stp_11_1,CCTACTCGTAACTGCA,1.000
stp_11_0,GAACACCT,0.558
stp_11_2,GCTGACAG,0.769
stp_10_0,TCCTAGAAGAGTTGATATCGGAGCGTGGGCGC,0.824
stp_13_1,AACGCCAATCAACATC,1.000
stp_13_0,TATGACCT,0.337
stp_13_2,CATCCCTC,0.564
stp_12_1,AGCAGGAATCGGCAAA,1.000
stp_12_0,GTTGGGCT,0.734
stp_12_2,CGCAACAC,0.695
stp_15_0,ATGGCAACAATGACGCTGCAGCTTTGCGTGCA,1.000
stp_14_1,GGCGTATTATTCGACC,1.000
stp_14_0,GTTTAGGA,0.354
stp_14_2,GGGGTTTT,0.594
stp_17_1,TATTCTGGTTCCGTCC,1.000
stp_17_0,CGTACTAA,0.461
stp_17_2,TCAGACAA,0.466
stp_16_1,TTCATACCTTCCCCTG,1.000
stp_16_0,TGAATGGG,0.641
stp_16_2,CATCCACT,0.649
stp_19_1,GTTTACCGATTACACG,1.000
stp_19_0,ACGTTTCC,0.780
stp_19_2,GAAGATAT,0.231
stp_18_1,CGGCTTCCCGTCGACA,1.000
stp_18_0,ATAATCAA,0.233
stp_18_2,TGCCATGG,0.784
stp_117_1,CATCGTAGGGGATACC,1.000
stp_117_0,GTCTAATT,0.401
stp_117_2,CTGATTTG,0.507
stp_116_1,CTCGACTG,0.430
stp_116_0,CCCCGCACCAGTATTTTAGGGCGG,1.000
stp_204_1,GACAATGCCAGGGTAC,1.000
stp_204_0,CTGACGTT,0.572
stp_204_2,CTAGGCAC,0.424
stp_151_1,ACTCGCGAAGGCTATG,1.000
stp_151_0,GGTAGCGT,0.623
stp_151_2,GAAGAACC,0.597
stp_150_1,AAGCCACGACGAAGTT,1.000
stp_150_0,AAAATTCT,0.446
stp_150_2,ATGCCCGA,0.349
stp_153_1,CTGATGTGCAATACCG,1.000
stp_153_0,CCATATTT,0.369
stp_153_2,TTGCCGTC,0.589
stp_152_1,GGAAGCAGAGTAACGA,1.000
stp_152_0,ACTATGAT,0.318
stp_152_2,ACGCTCAG,0.893
stp_155_1,GCACATAGTGCTTGTA,1.000
stp_155_0,CAACCGAC,0.562
stp_155_2,AACAAGGC,0.745
stp_154_1,ATAGTAGGTACTGTCA,1.000
stp_154_0,TCGGCTGT,0.550
stp_154_2,GGCTGAAC,0.596
stp_157_1,GAAAGCTC,0.579
stp_157_0,GAGGATATTTACCTCCTCACGGGA,1.000
stp_156_1,GATTTTACCAATGCTT,1.000
stp_156_0,TCTGTCTT,0.554
stp_156_2,CGGATGCG,0.834
stp_159_1,GCCAATGTCCTGAAGA,1.000
stp_159_0,CCGGAAGG,0.823
stp_159_2,TTCAGCAC,0.492
stp_158_1,GACGTGTAAACTAATT,1.000
stp_158_0,AGCCCCCT,0.799
stp_158_2,TGTTTCAG,0.643
stp_207_1,AACTCCAATGGGACAA,1.000
stp_207_0,GCACGATC,0.596
stp_207_2,GCGGCGCA,0.902
stp_48_1,CTCTTTGGCGAGGTAA,1.000
stp_48_0,ACGGTAAT,0.334
stp_48_2,TTTGCATT,0.488
stp_49_1,TCTGGGGTTGTCAACT,1.000
stp_49_0,CCGCGGAC,0.590
stp_49_2,GAACGCAT,0.453
stp_46_1,TTGCTCCTAATCGTCG,1.000
stp_46_0,GTTAGGCC,0.605
stp_46_2,GGCTTAAG,0.560
stp_47_1,AACCAGTTATCCCGCA,1.000
stp_47_0,ATGCGTTG,0.627
stp_47_2,GACTTGAG,0.516
stp_44_1,TAGACCGGGGTGCGCT,1.000
stp_44_0,ACATTAAA,0.411
stp_44_2,TATATCGA,0.124
stp_45_1,GTAATCCATTGTGCGC,1.000
stp_45_0,CGTGGTTT,0.575
stp_45_2,GAAAGTGG,0.488
stp_42_1,ACAATTTAGAAAGCAC,1.000
stp_42_0,AAACCCAA,0.486
stp_42_2,ACCACCAA,0.565
stp_43_1,TCCACCTATCGAAGGA,1.000
stp_43_0,CTGCGTAT,0.463
stp_43_2,CTACACCT,0.445
stp_40_1,CGGTCTCACTGGGATG,1.000
stp_40_0,CCGAATGC,0.821
stp_40_2,ACTACCTG,0.630
stp_41_1,ACACTACAGCAGTAAA,1.000
stp_41_0,GTGCTGGT,0.580
stp_41_2,TAACTCAC,0.452
stp_1_1,GACGTAATCTGTGCGG,1.000
stp_1_0,CCCAGATA,0.415
stp_1_2,TGAGTGAG,0.586
stp_5_1,TGTTCAGGAGCACGAG,1.000
stp_5_0,TCTACGGA,0.563
stp_5_2,CTAACCGA,0.599
stp_9_1,ACCAGCGGGACCCATG,1.000
stp_9_0,CTCACAGC,0.838
stp_9_2,TTCTGTGA,0.294
stp_146_1,GGCATGCCCTCTTACT,1.000
stp_146_0,CCCAGGTG,0.690
stp_146_2,TCTGTATG,0.467
stp_147_1,CAGACAGGAGGTTAGC,1.000
stp_147_0,GGACTCGA,0.658
stp_147_2,CCGCTTAG,0.326
stp_144_1,TCGAGCAGACTCAAGT,1.000
stp_144_0,CCGTCAGC,0.811
stp_144_2,GTAGAGGG,0.469
stp_145_1,CTGTCAAATCCTAAGG,1.000
stp_145_0,GAGTTAAG,0.409
stp_145_2,ATCGACTC,0.592
stp_142_1,ACCTAGAC,0.619
stp_142_0,GTAGCGAGGATTCCGT,1.000
stp_143_1,GAGTGGTTACATCTTC,1.000
stp_143_0,ATCAAAGT,0.462
stp_143_2,GAAAAGAG,0.451
stp_140_1,CAGGTGAG,0.425
stp_140_0,CGACAACTCCGCAACCAACCTTCA,1.000
stp_141_1,CGCTGGATGTTCCGCA,1.000
stp_141_0,AACGACTA,0.223
stp_141_2,TTCCATCG,0.776
stp_209_1,TGAGAACTACTAAGCC,1.000
stp_209_0,CAGCTCTT,0.595
stp_209_2,TGCCACTT,0.638
stp_208_1,AAAAAGTGCCCACTAGCGGTAAGG,1.000
stp_208_0,TGTATCCG,0.664
stp_148_1,GTTCGCGCGGTACGAG,1.000
stp_148_0,GCTGGTTA,0.357
stp_148_2,ACATCCGT,0.615
stp_149_1,ATACGCCCCGCCGGTA,1.000
stp_149_0,GGCACCGT,0.799
stp_149_2,GGTCCCCC,0.912
stp_77_1,GTCTGGTCGTAAGTAT,1.000
stp_77_0,ACCCAATT,0.565
stp_77_2,AGACGCGC,0.853
stp_76_1,CGAAGAGAGTGTTGAG,1.000
stp_76_0,AATAAGCG,0.412
stp_76_2,TAGCGTTG,0.399
stp_75_1,GCCGACATCCTGAGAG,1.000
stp_75_0,GTAGAAGG,0.476
stp_75_2,AATCCCAC,0.472
stp_74_1,GTAGTACG,0.518
stp_74_0,CTACCCGAGCGGCTTA,1.000
stp_73_1,ATACGACATATCACACTGCAGAAT,0.996
stp_73_0,CAATGTAT,0.300
stp_72_1,TGCGTACCGGGTCACA,1.000
stp_72_0,TGACCGCC,0.855
stp_72_2,TTTCGCAC,0.588
stp_71_1,CCACAACTATTTGTGA,1.000
stp_71_0,TCAGCGTT,0.566
stp_71_2,GCCATTAG,0.638
stp_70_1,AGCATTGAGAGGTATA,1.000
stp_70_0,CTCAGCCC,0.803
stp_70_2,TGCATATG,0.633
stp_79_1,CGCTTTTCTGGGTTTC,1.000
stp_79_0,AAACTATG,0.432
stp_79_2,CCTCTCTC,0.821
stp_78_1,TCCTCAAGGACCTGTG,1.000
stp_78_0,AATCAGAC,0.422
stp_78_2,TCCCGCGA,0.539
