stp_56_1,GGTGTGAAGTTTAGTGACTAC,1.000
stp_56_0,ACAGACGGAAATTGAACCTAT,1.000
stp_54_1,TGACGCGGCCCGGGTAATCCC,1.000
stp_54_0,GTCAATGTACTTATTGCTGGG,1.000
stp_42_1,GAGAATAGTAACAAAA,1.000
stp_42_0,TTGCATTC,0.855
stp_42_2,GCGGTTTT,0.896
stp_48_1,TCACCATTGTTTTGTCTGCAA,1.000
stp_48_0,TGCGAGCGAATAACCGACAGT,1.000
stp_43_1,TAGCCAAGCCAGGTCT,1.000
stp_43_0,CGTACACA,0.901
stp_43_2,CAATCGTA,0.801
stp_60_1,ATGAGCTTTGTTCCCCATGCC,1.000
stp_60_0,AGGACAACGTGCCTAAATCTC,1.000
stp_61_1,AACTACTTCCAAGTTGGCCGC,1.000
stp_61_0,GGACAGCGTATAAGTCGGTGA,1.000
stp_62_1,CGTTCAGAGTACATTCAAACC,1.000
stp_62_0,AATGCACGACGCCGATGACGT,1.000
stp_63_1,TCCGACCGCAAGGGGTTAAGT,1.000
stp_63_0,AGCTCACGTGGATCACACTCA,1.000
stp_64_1,AAGATACGTTGTTGGGTACAGGTGAAAGCGAGATAAT,1.000
stp_64_0,AATTTTTC,0.782
stp_49_1,TCTTGTCGTCCTGGACCTAAT,1.000
stp_49_0,CCCGCATCCTTCCCATATGCT,1.000
stp_66_1,GTTTAATTTCTCAAGTGCAGGATAGCGTTATCGACAAGCG,1.000
stp_66_0,AAAGGACG,0.942
stp_67_1,TATAGGTACGATTGCCCATCGCGGGTCTCACAGCCCAGGG,1.000
stp_67_0,GCAGAGAC,0.929
stp_68_1,ATTAAAAATTCACCCT,1.000
stp_68_0,GGCGTTCGCAAATGTCTATAAAAC,1.000
stp_68_2,GTTTCCTG,0.843
stp_69_1,CGGTCTGAAGCCGACT,1.000
stp_69_0,TCGCACGGCTAAAGTGAATCGGGG,1.000
stp_69_2,ACCATCTT,0.876
stp_52_1,AAATAGACTTAATCGCCGCGC,1.000
stp_52_0,GCTGTGTGCCGGGCAATGCCC,1.000
stp_53_1,TTTCAGGCTCAGACATAGAAA,1.000
stp_53_0,GCTGTCTTAGGGACCCGGCTC,1.000
stp_24_1,AGTTCTCCTTGCTCCT,1.000
stp_24_0,CTTCTGTA,0.878
stp_24_2,AACTTAGC,0.903
stp_25_1,CTATTTGACATTACGA,1.000
stp_25_0,AAGTCTTC,0.790
stp_25_2,TGAGTCCC,0.963
stp_26_1,AAAATAAGAGAGATGC,1.000
stp_26_0,AATACGCT,0.685
stp_26_2,CTCCCTTG,0.899
stp_27_1,CAGAGCCATAGGCGAC,1.000
stp_27_0,GCCACTTT,0.882
stp_27_2,AAGAAGAA,0.685
stp_20_1,ATTTTGGCGAAGGAGA,1.000
stp_20_0,GTCTCTCG,0.949
stp_20_2,GTGGGTCA,0.889
stp_21_1,ATACCGCCATCCGTGT,1.000
stp_21_0,GACTATAC,0.676
stp_21_2,GGCTTCTA,0.804
stp_22_1,AGTAGACAGGACTGCG,1.000
stp_22_0,CCTTAAAG,0.653
stp_22_2,GATGCAAG,0.802
stp_23_1,TGCGCGCGACGGGACA,1.000
stp_23_0,TCCATACA,0.889
stp_23_2,TCCCTGGC,0.968
stp_46_1,GTATCCGAAGACACTT,1.000
stp_46_0,ATGACACG,0.928
stp_46_2,CAAGAAAC,0.770
stp_47_1,GAGGCAACTCACTGAT,1.000
stp_47_0,CTTACTTT,0.612
stp_47_2,TAGTCCTA,0.514
stp_44_1,GGTTCGGTTGCCTTTC,1.000
stp_44_0,GTAGGCTT,0.755
stp_44_2,CGGCAGCC,0.973
stp_45_1,TGACGATATATCGCAT,1.000
stp_45_0,TGGCTTGT,0.946
stp_45_2,GCGATTAG,0.792
stp_28_1,TTAGAGCACGCGAAAG,1.000
stp_28_0,TCGGTCAT,0.851
stp_28_2,TCTAACGT,0.849
stp_29_1,ATCCAGTGAGCCGTCG,1.000
stp_29_0,GTATCGGT,0.728
stp_29_2,GGGCGGCT,0.978
stp_40_1,CTACACCAACGCCACG,1.000
stp_40_0,TATTTAGC,0.654
stp_40_2,ACAGTGCC,0.946
stp_41_1,GGTAGCGCCCGTAATG,1.000
stp_41_0,TCGAGTCA,0.915
stp_41_2,GTTTATCC,0.815
stp_1_0,AACGCAGCAATCTGCTACGAGTAGTATAG,1.000
stp_0_0,TTTCGCCCTAACTATGTCCGCCTTCTTTC,0.887
stp_3_1,GCATAGTCGAAACCAT,1.000
stp_3_0,TTCACTCT,0.823
stp_3_2,CTTCGTGA,0.923
stp_2_1,CCTGACTCAACCAGGC,1.000
stp_2_0,TGACCTTA,0.686
stp_2_2,TTTACACT,0.697
stp_5_1,GAGGATGTGCATCTGA,1.000
stp_5_0,TAGGAACT,0.847
stp_5_2,GCGAACAG,0.947
stp_4_1,GTCATAGCTAATTCCG,1.000
stp_4_0,GCTTTAAG,0.821
stp_4_2,ATAGCCGG,0.784
stp_7_1,TATACTGAGTATTCTA,1.000
stp_7_0,ACTGAACA,0.891
stp_7_2,CCGCCGTG,0.960
stp_6_1,GAGGTTGAGCGCGTTT,1.000
stp_6_0,GGGCCTCT,0.962
stp_6_2,CCGTGGTT,0.899
stp_9_1,TCCCCCGATTCCTAGT,1.000
stp_9_0,AAAACGAT,0.566
stp_9_2,GTCAACTT,0.875
stp_8_1,GTCAGGTTAGCGACAC,1.000
stp_8_0,CACGGATA,0.679
stp_8_2,CTCAGCAG,0.912
stp_51_1,AGCACTCCCACCTTCATTGAC,1.000
stp_51_0,GAATCCGCACTTACCGTAGTC,1.000
stp_39_1,GAAGGGAAAATCCTGA,1.000
stp_39_0,TGCTTCGG,0.971
stp_39_2,ACCGATCG,0.959
stp_65_1,TGCCAGAACCAATCCACACCTACTGCATACCTTTTCG,1.000
stp_65_0,TGTGAGGG,0.918
stp_38_1,TAGACGCAATTCTGAT,1.000
stp_38_0,TTTATGAA,0.529
stp_38_2,CATTTGCC,0.890
stp_59_1,GGAAACGTACGTGAACGGCAC,1.000
stp_59_0,TCCTGCCCTTATACGAACTTT,1.000
stp_58_1,GCCACCGAACCGCGAGGTAAC,1.000
stp_58_0,CAAACAGGGTCGTTTTAACTT,1.000
stp_11_1,TCGATTTCACATTGCA,1.000
stp_11_0,ATGCCTCA,0.936
stp_11_2,ATCCCAAA,0.777
stp_10_1,AGCGCTTGGTGAGATC,1.000
stp_10_0,TGAGACAA,0.817
stp_10_2,CGCCAGCT,0.982
stp_13_1,AACGCTGACAGATTAT,1.000
stp_13_0,ATTACTCG,0.822
stp_13_2,CACGCATA,0.829
stp_12_1,GCCGCCCCAACCGTGA,1.000
stp_12_0,CCACGGTA,0.947
stp_12_2,TTGGACAT,0.807
stp_15_1,CTTCCTTAGATGTAGC,1.000
stp_15_0,ATTCGCTG,0.798
stp_15_2,GTCGCGTG,0.918
stp_14_1,GTTAGTTTTCTAAAAT,1.000
stp_14_0,AAGTGTAC,0.766
stp_14_2,GGAAGTGG,0.936
stp_17_1,CTCGCTACCTGCGGCA,1.000
stp_17_0,GGAGAGCT,0.947
stp_17_2,AGATGAGG,0.901
stp_16_1,TGTCGATCTTTGCGTA,1.000
stp_16_0,ATTATGTA,0.457
stp_16_2,AGTTAACG,0.930
stp_19_1,TGTGTCACTTCGCGCT,1.000
stp_19_0,TCAGTATG,0.829
stp_19_2,TCCGGCGT,0.962
stp_18_1,GTGGCCCTGATGCCAC,1.000
stp_18_0,TTAGTCTC,0.592
stp_18_2,CCGAGGGT,0.970
stp_31_1,GCTGCGATAAGCAAGT,1.000
stp_31_0,TTACTATT,0.497
stp_31_2,CTGACCCT,0.917
stp_30_1,CGGGCCAAAGATTTGG,1.000
stp_30_0,AAACTCGA,0.683
stp_30_2,ATGGATGA,0.801
stp_37_1,GCAGGGAGGCTAGGCA,1.000
stp_37_0,CTCAATTT,0.674
stp_37_2,CTTTCATG,0.797
stp_36_1,CCTGAGCAACGAAGTA,1.000
stp_36_0,CTCCATGT,0.934
stp_36_2,CGCTTTTG,0.864
stp_35_1,GCTATTCAGCTATCCA,1.000
stp_35_0,TGGGGCAG,0.955
stp_35_2,GTCATCCC,0.954
stp_34_1,TAACCACTATCGTGTA,1.000
stp_34_0,AGGGCCGA,0.907
stp_34_2,TCAGTCCA,0.920
stp_33_1,CGCACACATGCGTCCA,1.000
stp_33_0,AGTCTAAG,0.854
stp_33_2,ATATGGGG,0.642
stp_55_1,TCCGTTAGGTCACCGGGATCG,1.000
stp_55_0,CTGGTACTCCACTCGGGCGCG,1.000
stp_32_1,AGACCTCTTGGCTCTC,1.000
stp_32_0,ACGTATGT,0.880
stp_32_2,GTGCGACC,0.947
stp_57_1,TGCACCGCTTATCTGTTTCTT,1.000
stp_57_0,TAACCCGACGAGCCCGCGTCA,1.000
stp_50_1,TGTTCTAGTTCGTAACCTTGG,1.000
stp_50_0,ACCCAGCCTATTACCTAGAGA,1.000
