stp_214_1,CAAATTCTTACCAGTA,1.000
stp_214_0,AATTACTA,0.218
stp_214_2,ATCCCATC,0.812
stp_215_1,TGCCACTACGAAGGCA,1.000
stp_215_0,GCGAAACA,0.781
stp_215_2,TGCGCCGA,0.487
stp_212_1,GAGGCATAGTAAGAGC,1.000
stp_212_0,CATAACCC,0.462
stp_212_2,TTTTTAAG,0.193
stp_213_1,TAATGCAGATACATAA,1.000
stp_213_0,CCAAAATA,0.174
stp_213_2,ACACCAGA,0.198
stp_210_1,ACGCGCCTGTTTATCA,1.000
stp_210_0,CAAGCAAG,0.363
stp_210_2,AGAATCGC,0.718
stp_211_1,ATACGTGGCACAGACA,1.000
stp_211_0,GCCACGCT,0.810
stp_211_2,ACGCTCAT,0.410
stp_165_1,CCGAGCTCGAATTCGT,1.000
stp_165_0,ACTGCCCG,0.882
stp_165_2,TATTACGC,0.386
stp_133_1,ACTCACATTAATTGCG,1.000
stp_133_0,TCATAGCT,0.485
stp_133_2,CCCTGAGA,0.505
stp_132_1,AATTTCATCTTCTGAC,1.000
stp_132_0,AGAGGCAT,0.285
stp_132_2,TATAACTA,0.167
stp_131_1,GGACGACGACAGTATC,1.000
stp_131_0,CAGCTGGC,0.690
stp_131_2,GTAGCCAG,0.303
stp_130_1,AACGTCAAAGGGCGAA,1.000
stp_130_0,TGGTTTTT,0.472
stp_130_2,GAACCATC,0.290
stp_137_1,GATTCTCCGTGGGAAC,1.000
stp_137_0,CATGTCAA,0.712
stp_137_2,CGTTGGTG,0.808
stp_136_1,GCGAATTATTCATTTC,1.000
stp_136_0,AACCTACC,0.747
stp_136_2,CAGTACAT,0.395
stp_135_1,ATACATGGCTTTTGAT,1.000
stp_135_0,CCTCAAGA,0.791
stp_135_2,AGAACCAC,0.365
stp_134_1,ATTCAAAAGGGTGAGA,1.000
stp_134_0,AGACAGTC,0.647
stp_134_2,TATCATAT,0.114
stp_139_1,ATTAATTACATTTAAC,1.000
stp_139_0,ACAAAGAA,0.183
stp_139_2,ACATCAAG,0.321
stp_138_1,TCAGCTTGCTTTCGAG,1.000
stp_138_0,CTTAAACA,0.295
stp_138_2,AAACAGTT,0.141
stp_166_1,CAGTATGTTAGCAAAC,1.000
stp_166_0,TGAACAAA,0.229
stp_166_2,TAAAAGAA,0.098
stp_24_1,GAGGCAAAAGAATACA,1.000
stp_24_0,CTCATCTT,0.428
stp_24_2,CTCCCTCA,0.464
stp_25_1,ATTAGTCTTTAATGCG,1.000
stp_25_0,AGGCGGTC,0.712
stp_25_2,CAATATTA,0.123
stp_26_1,GCGAGAGGCTTTTGCA,1.000
stp_26_0,CATTCAAC,0.247
stp_26_2,TATTATAG,0.249
stp_27_1,GCTTATCCGGTATTCT,1.000
stp_27_0,GCGCATTA,0.483
stp_27_2,AAATCAGA,0.121
stp_20_1,TAAAGGTGAATTATCA,1.000
stp_20_0,ATTGAGGG,0.337
stp_20_2,ATCACCGG,0.413
stp_21_1,GAAGGATTAGGATTAG,1.000
stp_21_0,TAAGCGTC,0.336
stp_21_2,TACCGCCA,0.169
stp_22_1,TTACTTAGCCGGAACG,1.000
stp_22_0,ACGGCTAC,0.793
stp_22_2,CTGACCAA,0.360
stp_23_1,ACCAAGTACCGCACTC,1.000
stp_23_0,TAAGTCCT,0.644
stp_23_2,TTAGTTGC,0.455
stp_160_1,TTTAACCAATAGGAAC,0.997
stp_160_0,GTTAAAAT,0.221
stp_160_2,CCGGCACC,0.753
stp_28_1,ATAGGAACCCATGTAC,1.000
stp_28_0,CAAGCCCA,0.621
stp_28_2,CGTAACAC,0.456
stp_29_1,GGAAGAAAAATCTACG,1.000
stp_29_0,TAAATATT,0.098
stp_29_2,ACCAGTCA,0.280
stp_161_1,AGTATTAACACCGCCT,1.000
stp_161_0,GAATGGCT,0.641
stp_161_2,CAACTAAT,0.254
stp_0_1,ACAACCATCGCCCACG,1.000
stp_0_0,AAAAAAGG,0.283
stp_0_2,CGGGTAAA,0.363
stp_4_1,GAAATACCGACCGTGT,1.000
stp_4_0,CATATTTA,0.281
stp_4_2,TACCTTTT,0.235
stp_8_1,CGCGTCTGGCCTTCCT,1.000
stp_8_0,GCAAATAT,0.173
stp_8_2,GGCCTCAG,0.560
stp_163_1,GGTCAATAACCTGTTT,1.000
stp_163_0,TTTCATTT,0.167
stp_163_2,AATCAATA,0.077
stp_119_1,AAAGCGGATTGCATCA,1.000
stp_119_0,GAAGCAAA,0.189
stp_119_2,GATAAAAA,0.146
stp_120_1,AGACAAAAGGGCGACA,1.000
stp_120_0,GACTTGAG,0.548
stp_120_2,AGTTACCA,0.588
stp_121_1,CTTTTGCGGGAGAAGC,1.000
stp_121_0,TCAGGTCA,0.339
stp_121_2,AGAATTAG,0.281
stp_122_1,TTAATCATTGTGAATT,1.000
stp_122_0,CCAGGCGC,0.787
stp_122_2,ACAGGTAG,0.516
stp_123_1,GTGCGGGCCTCTTCGC,1.000
stp_123_0,GAAGATCG,0.781
stp_123_2,AATCATGG,0.651
stp_124_1,CACTCCAGCCAGCTTT,1.000
stp_124_0,GGCGATCG,0.941
stp_124_2,GCCATCAA,0.570
stp_125_1,AAGAACTGGCATGATT,1.000
stp_125_0,ATCAGAGA,0.123
stp_125_2,TTATTTTG,0.133
stp_126_1,CATTGAATCCCCCTCA,1.000
stp_126_0,ATATAATG,0.257
stp_126_2,AATCGTCA,0.299
stp_127_1,CGAGCATGTAGAAACC,1.000
stp_127_0,ATCGGCTG,0.767
stp_127_2,AGCTATAT,0.261
stp_128_1,TTAAATTGTAAACGTT,1.000
stp_128_0,AAATAATT,0.127
stp_128_2,GATATTCA,0.188
stp_129_1,CCGTCGAG,0.620
stp_129_0,TATAAGTATAGCCCGG,1.000
stp_167_1,AAAGAAATTGCGTAGA,1.000
stp_167_0,CCTGATTG,0.253
stp_167_2,CCCGAACG,0.671
stp_118_1,CATAGGTCTGAGAGAC,1.000
stp_118_0,CTGTAAAT,0.356
stp_118_2,GATAAATA,0.101
stp_59_1,TGCTGATGCAAATCCA,1.000
stp_59_0,TTGAATTA,0.127
stp_59_2,CAAATATA,0.140
stp_58_1,CTGAGAAGAGTCAATA,1.000
stp_58_0,TAGAATCC,0.350
stp_58_2,GGAATCAT,0.325
stp_55_1,CTAAATCGGAACCCTA,1.000
stp_55_0,GTAAAGCA,0.285
stp_55_2,GTTGTTCC,0.875
stp_54_1,CAGAAAACGAGAATGA,1.000
stp_54_0,TTTTTGCG,0.249
stp_54_2,ATGTTTAG,0.265
stp_57_1,TTCCACACAACATACG,1.000
stp_57_0,GCATAAAG,0.329
stp_57_2,AAACAATT,0.157
stp_56_1,TCTTTCCTTATCATTC,1.000
stp_56_0,CTAATTTA,0.250
stp_56_2,ATCCTGAA,0.249
stp_51_1,GTCAGAGGGTAATTGA,1.000
stp_51_0,TTATTACG,0.274
stp_51_2,ATAGCAGC,0.370
stp_50_1,CAAGTTTTTTGGGGTC,1.000
stp_50_0,ACCCAAAT,0.315
stp_50_2,AAAGAACG,0.213
stp_53_1,AACATTAAATGTGAGC,1.000
stp_53_0,AGAAAAGC,0.653
stp_53_2,ATCTGCCA,0.720
stp_52_1,CTCCAAAAGGAGCCTT,1.000
stp_52_0,CAATGACA,0.662
stp_52_2,ACAACGCC,0.509
stp_164_1,GCCGTCAATAGATAAT,1.000
stp_164_0,TTATTAAT,0.105
stp_164_2,CAGAGGTG,0.382
stp_201_1,ACGGAACAACATTATT,1.000
stp_201_0,ACTGGATA,0.384
stp_201_2,ACCTTATG,0.615
stp_199_1,AAAGGAACAACTAAAG,1.000
stp_199_0,AAAGGCCG,0.402
stp_199_2,CTTTCCAG,0.234
stp_179_1,GGCTTAGGTTGGGTTA,1.000
stp_179_0,AAATCAAT,0.096
stp_179_2,CTAAATTT,0.252
stp_200_1,AAGTACAACGGAGATT,1.000
stp_200_0,ATACGTAA,0.247
stp_200_2,TCATCAAG,0.289
stp_195_1,GCAGATAGCCGAACAA,1.000
stp_195_0,GCAATAGC,0.642
stp_195_2,TTCAACCG,0.477
stp_194_1,AAGTACGGTGTCTGGA,1.000
stp_194_0,CAAAATTA,0.188
stp_194_2,AGAGGTCA,0.628
stp_197_1,TGTAAAGCCTGGGGTG,1.000
stp_197_0,GCTCACAA,0.760
stp_197_2,GGTTTGCC,0.404
stp_178_1,AATCAGTAGCGACAGA,1.000
stp_178_0,ACAAACAA,0.250
stp_178_2,TCGATAGC,0.560
stp_191_1,ACAAGAGTCCACTATT,1.000
stp_191_0,AGCTGATT,0.370
stp_191_2,GAGGTGCC,0.648
stp_190_1,GGGGCGCGAGCTGAAA,1.000
stp_190_0,TCGCAAAT,0.356
stp_190_2,TAATGTGT,0.462
stp_193_1,CTTTTCACCAGTGAGA,1.000
stp_193_0,TGGACTCC,0.844
stp_193_2,CCTGTCGT,0.899
stp_192_1,GACAGCATCGGAACGA,1.000
stp_192_0,ACGGTCAA,0.519
stp_192_2,ACCCTCAG,0.129
stp_115_1,TCTTTAGGAGCACTAA,1.000
stp_115_0,ATTTTGCG,0.199
stp_115_2,GCAACAGT,0.319
stp_114_1,GGTAATAAGTTTTAAC,1.000
stp_114_0,CTGAAACA,0.392
stp_114_2,CCCTCAGA,0.185
stp_88_1,TTAGCGAACCTCCCGA,1.000
stp_88_0,CTTTACAG,0.310
stp_88_2,CGTAGGAA,0.783
stp_89_1,TAAATTGGGCTTGAGA,1.000
stp_89_0,AGTAATCT,0.424
stp_89_2,GAATACCA,0.262
stp_111_1,CATTAATGAATCGGCC,1.000
stp_111_0,CTTGCATG,0.629
stp_111_2,CGCCAGGG,0.463
stp_110_1,CTTTCCAGTCGGGAAA,1.000
stp_110_0,CCCGGGTA,0.923
stp_110_2,CGGGCAAC,0.855
stp_113_1,TTCGGTCATAGCCCCC,1.000
stp_113_0,CACCAGAG,0.133
stp_113_2,GCCAGCAA,0.345
stp_112_1,TCATCATATTCCTGAT,1.000
stp_112_0,ATCAACAG,0.215
stp_112_2,TGATTGTT,0.560
stp_82_1,CACCACCCTCATTTTC,0.998
stp_82_0,CTCAGAGC,0.158
stp_82_2,CTATTATT,0.218
stp_83_1,GGCAAAATCCCTTATA,1.000
stp_83_0,CCAGCAGG,0.483
stp_83_2,AAGCCGGC,0.730
stp_80_1,CGTATTAAATCCTTTG,1.000
stp_80_0,GGATTTAG,0.263
stp_80_2,TTTTCAGG,0.322
stp_81_1,TTGCCTGAGAGTCTGG,1.000
stp_81_0,CTGTAATA,0.375
stp_81_2,AAAACTAG,0.459
stp_86_1,GAGAGCCAGCAGCAAA,1.000
stp_86_0,GCGTAAGA,0.781
stp_86_2,AAGGTTAT,0.284
stp_87_1,AATCAATATCTGGTCA,1.000
stp_87_0,GATGGCAA,0.494
stp_87_2,CAAATATC,0.125
stp_84_1,TGACAAGAACCGGATA,1.000
stp_84_0,ACGAGTAG,0.407
stp_84_2,TACCAAGC,0.558
stp_85_1,CTTTTGCGGGATCGTC,1.000
stp_85_0,GAGAATAG,0.180
stp_85_2,GGGTAGCA,0.614
stp_198_1,TGACCCCCAGCGATTA,1.000
stp_198_0,AAACGAAA,0.245
stp_198_2,TTCATTAC,0.212
stp_206_1,TTTTTTCACGTTGAAA,1.000
stp_206_0,ATATATTC,0.159
stp_206_2,ATAGTTAG,0.395
stp_3_1,GAGGACAGATGAACGG,1.000
stp_3_0,CGATTTTA,0.331
stp_3_2,CGCGACCT,0.910
stp_177_1,CCTGCAGGTCGACTCT,1.000
stp_177_0,GCCAGCTG,0.367
stp_177_2,GCAAGGCG,0.733
stp_7_1,AACTTTCAACAGTTTC,1.000
stp_7_0,CAGCGAAA,0.304
stp_7_2,TGGGATTT,0.452
stp_108_1,GAACAAGAAAAATAAT,1.000
stp_108_0,GGTATTAA,0.267
stp_108_2,TAAAGCCA,0.173
stp_109_1,ACCGCCACCCTCAGAA,0.260
stp_109_0,CCCTCAGA,0.185
stp_109_2,CTGAGACT,0.460
stp_102_1,ACCCAGCTACAATTTT,1.000
stp_102_0,ATTATTTA,0.125
stp_102_2,CAAGAACG,0.307
stp_103_1,CCAGCAGAAGATAAAA,1.000
stp_103_0,TAGCCCTA,0.198
stp_103_2,ACATTTGA,0.342
stp_100_1,GAAAAAGCCTGTTTAG,1.000
stp_100_0,GCGTTATA,0.338
stp_100_2,AAGGCCGG,0.386
stp_101_1,GTAGCACCATTACCAT,1.000
stp_101_0,TCACAATC,0.599
stp_101_2,CGTTTTCA,0.670
stp_106_1,GCAAGCGGTCCACGCT,1.000
stp_106_0,GAATAGCC,0.383
stp_106_2,CCTAATGA,0.560
stp_107_1,GGATAAAAATTTTTAG,1.000
stp_107_0,GGTAGCTA,0.439
stp_107_2,TTAACATC,0.239
stp_104_1,CATACAGGCAAGGCAA,1.000
stp_104_0,TCCATATA,0.209
stp_104_2,CTTTATTT,0.306
stp_105_1,TTGAAAGGAATTGAGG,1.000
stp_105_0,CGGAATTA,0.121
stp_105_2,TGAAAAAT,0.219
stp_39_1,ATTGCTCCTTTTGATA,1.000
stp_39_0,CAAAAATC,0.123
stp_39_2,AGTTTCAT,0.406
stp_38_1,CGCGAGAAAACTTTTT,1.000
stp_38_0,TAAAGTAC,0.209
stp_38_2,ATCGCAAG,0.643
stp_33_1,AAGCCTTAAATCAAGA,1.000
stp_33_0,TTTTGTTT,0.324
stp_33_2,ATCGAGAA,0.389
stp_32_1,CTACATTTTGACGCTC,1.000
stp_32_0,GGAAATAC,0.325
stp_32_2,ACCTGAAA,0.339
stp_31_1,GCCCGAAAGACTTCAA,1.000
stp_31_0,TTTTAATT,0.131
stp_31_2,TTCCAGAG,0.330
stp_30_1,CAGTAGGGCTTAATTG,1.000
stp_30_0,AGGCGTTA,0.366
stp_30_2,ACAATAGA,0.182
stp_37_1,GGTTGTACCAAAAACA,1.000
stp_37_0,AGAGAATC,0.252
stp_37_2,AGCATAAA,0.269
stp_36_1,CTTGCCCTGACGAGAA,1.000
stp_36_0,CCAAATCA,0.294
stp_36_2,CGCCAAAA,0.280
stp_35_1,GCCAGTTACAAAATAA,1.000
stp_35_0,TCTTACCA,0.332
stp_35_2,ATGAAATA,0.167
stp_34_1,GGTCGCTGAGGCTTGC,1.000
stp_34_0,AATAATAA,0.117
stp_34_2,AAAGACTT,0.258
stp_205_1,TCGGGAGAAACAATAA,1.000
stp_205_0,TTTAACGT,0.245
stp_205_2,TTTTCCCT,0.532
stp_176_1,GCGCCCAATAGCAAGC,1.000
stp_176_0,CCAGACGA,0.365
stp_176_2,AAGAACGC,0.256
stp_60_1,CAGATGAATATACAGT,1.000
stp_60_0,CTTTTACA,0.437
stp_60_2,AAGCGCCA,0.437
stp_61_1,CCGTTTTTATTTTCAT,1.000
stp_61_0,AATGCAGA,0.338
stp_61_2,CTTGCGGG,0.441
stp_62_1,CGACAAAAGGTAAAGT,1.000
stp_62_0,TATAGAAG,0.155
stp_62_2,AGAGAATA,0.123
stp_63_1,CTGTAGCTCAACATGT,1.000
stp_63_0,GCTAAATC,0.455
stp_63_2,ATTGCTGA,0.297
stp_64_1,TTGAAAACATAGCGAT,1.000
stp_64_0,TTAAGACG,0.456
stp_64_2,TTAAATCA,0.093
stp_65_1,CATTGCAACAGGAAAA,1.000
stp_65_0,CCGCCAGC,0.359
stp_65_2,ATATTTTT,0.114
stp_66_1,CTGGTAATATCCAGAA,1.000
stp_66_0,CGGCCTTG,0.648
stp_66_2,CGAACTGA,0.714
stp_67_1,AGAACTGGCTCATTAT,1.000
stp_67_0,CTTTGAAA,0.186
stp_67_2,TTAATAAA,0.095
stp_68_1,GATGAACGGTAATCGT,1.000
stp_68_0,GATTGACC,0.495
stp_68_2,AGCAAACA,0.431
stp_69_1,AAATTGTGTCGAAATC,1.000
stp_69_0,TTTCATGA,0.506
stp_69_2,TGTACAGA,0.578
stp_175_1,TCACCTTGCTGAACCT,1.000
stp_175_0,GCCAACAG,0.518
stp_175_2,GTTGGCAA,0.625
stp_174_1,ATATCAAAATTATTTG,1.000
stp_174_0,GCGCAGAG,0.695
stp_174_2,ACATTATC,0.319
stp_173_1,GAAAGGGGGATGTGCT,1.000
stp_173_0,GTTTGAGG,0.232
stp_173_2,AGAGGATC,0.546
stp_172_1,GGGTAACGCCAGGGTT,1.000
stp_172_0,TAGATGGG,0.626
stp_172_2,GTGCCAAG,0.660
stp_171_1,CCGCCGCCAGCATTGA,1.000
stp_171_0,TCGGCATT,0.645
stp_171_2,CGTTCCAG,0.732
stp_170_1,TTTCGAGCCAGTAATA,1.000
stp_170_0,TTTTAGTT,0.270
stp_170_2,AATTCTGT,0.329
stp_203_1,CGAAAATCCTGTTTGA,1.000
stp_203_0,CCGAAATC,0.412
stp_203_2,AATACCGA,0.194
stp_181_1,CTGCCTATTTCGGAAC,1.000
stp_181_0,TGCCTTGA,0.507
stp_181_2,AGGGATAG,0.430
stp_182_1,AACGTCAAAAATGAAA,1.000
stp_182_0,AGGTTTTG,0.426
stp_182_2,GCGCTAAT,0.558
stp_183_1,GTCACCAATGAAACCA,1.000
stp_183_0,ACGCAAAG,0.588
stp_183_2,ATCAAGTT,0.323
stp_180_1,CAGTCTCTGAATTTAC,1.000
stp_180_0,TGCTCAGT,0.830
stp_180_2,CAGGAGGT,0.410
stp_2_1,CGAGAAAGGAAGGGAA,1.000
stp_2_0,GAACGTGG,0.382
stp_2_2,CAAACTAT,0.331
stp_162_1,CGAGATAGGGTTGAGT,1.000
stp_162_0,GAGTTGCA,0.684
stp_162_2,AAGGGAGC,0.638
stp_187_1,AGGTCTTTACCCTGAC,1.000
stp_187_0,TACCTTTA,0.147
stp_187_2,AAAGAAGT,0.297
stp_184_1,GAAGATGATGAAACAA,1.000
stp_184_0,TGGATTAT,0.242
stp_184_2,AATTTCAT,0.170
stp_6_1,AGGGAAGGTAAATATT,1.000
stp_6_0,TTATTCAT,0.138
stp_6_2,CATTCAGT,0.422
stp_186_1,ACGTAACAAAGCTGCT,1.000
stp_186_0,GAATAAGG,0.226
stp_186_2,GACGGAAA,0.374
stp_188_1,GATGGCTTAGAGCTTA,1.000
stp_188_0,AAACAGTT,0.141
stp_188_2,TTTAAATA,0.089
stp_189_1,CGAGCTTCAAAGCGAA,1.000
stp_189_0,AAGAGGAA,0.204
stp_189_2,GATACATT,0.246
stp_202_1,AGAGAATAACATAAAA,1.000
stp_202_0,GAGGCGTT,0.432
stp_202_2,GAACACCC,0.644
stp_196_1,AAATCACCATCAATAT,1.000
stp_196_0,AGGTAAAG,0.374
stp_196_2,AATATTTT,0.107
stp_185_1,CTTTGAATACCAAGTT,1.000
stp_185_0,ACAGAAAT,0.282
stp_185_2,CCTTGCTT,0.337
stp_99_1,TTTAAAAGTTTGAGTA,1.000
stp_99_0,AGATTAGA,0.176
stp_99_2,CACGTAAA,0.360
stp_98_1,CCACCACCGGAACCGC,1.000
stp_98_0,GAGCCGCC,0.304
stp_98_2,CTAAAACA,0.162
stp_168_1,TCAGGCTGCGCAACTG,1.000
stp_168_0,GCTTCTGG,0.558
stp_168_2,TGTTATCC,0.665
stp_169_1,TAGAGCTTGACGGGGA,1.000
stp_169_0,CCCCGATT,0.734
stp_169_2,AATCAAAA,0.093
stp_91_1,ACGCTAACGAGCGTCT,1.000
stp_91_0,CCTAATTT,0.382
stp_91_2,ATATCGCG,0.590
stp_90_1,AAACCGTC,0.606
stp_90_0,CGATGGCCCACTACGT,1.000
stp_93_1,ATATGTGAGTGAATAA,1.000
stp_93_0,TAACCTCC,0.510
stp_93_2,ACAAAATC,0.160
stp_92_1,TCTAAAGTTTTGTCGT,1.000
stp_92_0,CGTAACGA,0.711
stp_92_2,GAATTGCG,0.281
stp_95_1,ACAGTTGATTCCCAAT,1.000
stp_95_0,CAATAAAT,0.161
stp_95_2,TTAGAGAG,0.224
stp_94_1,CGTCGCTATTAATTAA,1.000
stp_94_0,ATCAAAAT,0.119
stp_94_2,CGGATTCG,0.714
stp_97_1,TATCTTACCGAAGCCC,1.000
stp_97_0,AAAAGTAA,0.139
stp_97_2,AACACTAT,0.348
stp_96_1,GTCACCAGTACAAACT,1.000
stp_96_0,TGAGTTTC,0.618
stp_96_2,TAATTGTA,0.157
stp_11_1,AATAAGAATAAACACC,1.000
stp_11_0,ACGCTCAA,0.327
stp_11_2,GTGAATTT,0.198
stp_10_1,ACTTCTGAATAATGGA,1.000
stp_10_0,GAGCAAAA,0.199
stp_10_2,AGAAGGAG,0.529
stp_13_1,TCATATGTACCCCGGT,1.000
stp_13_0,ACCCGTCG,0.921
stp_13_2,AAAGGCTA,0.178
stp_12_1,GATAACCCACAAGAAT,1.000
stp_12_0,ATACCCAA,0.292
stp_12_2,AAACGATT,0.255
stp_15_1,TCCCAATCCAAATAAG,1.000
stp_15_0,TATTTTGC,0.255
stp_15_2,TGAGTTAA,0.343
stp_14_1,AAATGAATTTTCTGTA,1.000
stp_14_0,ACGTTAGT,0.624
stp_14_2,AGCGGAGT,0.731
stp_17_1,GTAACAGTGCCCGTAT,1.000
stp_17_0,AATGCCCC,0.703
stp_17_2,GTGAATTT,0.198
stp_16_1,TGAAAGTATTAAGAGG,1.000
stp_16_0,AGTGTACT,0.628
stp_16_2,CCGCCACC,0.163
stp_19_1,AGCTGATAAATTAATG,1.000
stp_19_0,TATATTTT,0.104
stp_19_2,TTGTATAA,0.260
stp_18_1,ATAGGCTGGCTGACCT,1.000
stp_18_0,TTTCAACT,0.282
stp_18_2,TGTATCAT,0.357
stp_117_1,AGCAATAAAGCCTCAG,1.000
stp_117_0,TGCAACTA,0.418
stp_117_2,TTATGACC,0.372
stp_116_1,GGAAGTTTCCATTAAA,1.000
stp_116_0,CGCCTGAT,0.270
stp_116_2,CATAACCG,0.399
stp_204_1,TTCATCAATATAATCC,1.000
stp_204_0,AAAACAAA,0.130
stp_204_2,TATCAGAT,0.114
stp_151_1,AAATGCAATGCCTGAG,1.000
stp_151_0,ACCGTTCT,0.627
stp_151_2,AGGTGGCA,0.486
stp_150_1,TCCACAGACAGCCCTC,1.000
stp_150_0,TGTAGCAT,0.317
stp_150_2,ATCTCCAA,0.459
stp_153_1,AGGGGGTAATAGTAAA,1.000
stp_153_0,AAAGATTC,0.262
stp_153_2,CCATAAAT,0.299
stp_152_1,CCTTTTTTAATGGAAA,1.000
stp_152_0,TATGTAAA,0.217
stp_152_2,AATTACCT,0.198
stp_155_1,ACCAGTAATAAAAGGG,1.000
stp_155_0,AAACCCTC,0.212
stp_155_2,ATTCACCA,0.301
stp_154_1,TACTCAGGAGGTTTAG,1.000
stp_154_0,TATCACCG,0.262
stp_154_2,CGGGGTTT,0.640
stp_157_1,TCGCATTAAATTTTTG,1.000
stp_157_0,GCTCATTT,0.381
stp_157_2,AGCTTAGA,0.403
stp_156_1,TCTTTTCATAATCAAA,1.000
stp_156_0,GCCACCAC,0.231
stp_156_2,CCGTCACC,0.460
stp_159_1,ATCAGTTGAGATTTAG,1.000
stp_159_0,TTTGCCAG,0.291
stp_159_2,TGGTTTAA,0.238
stp_158_1,TTTAGTTTGACCATTA,1.000
stp_158_0,TCAATTCT,0.387
stp_158_2,CCAGACCG,0.870
stp_207_1,GCGTCCAATACTGCGG,1.000
stp_207_0,ACGAACTA,0.365
stp_207_2,AATGCTTT,0.369
stp_48_1,AGAGGCTTTGAGGACT,1.000
stp_48_0,GCTCCATG,0.905
stp_48_2,AGGGAGTT,0.567
stp_49_1,GCTTGATACCGATAGT,1.000
stp_49_0,TCGGTTTA,0.424
stp_49_2,CCAACCTA,0.708
stp_46_1,AAGTATTAGACTTTAC,1.000
stp_46_0,CGACAACT,0.656
stp_46_2,AGCCGGAA,0.276
stp_47_1,CCATTTGGGAATTAGA,1.000
stp_47_0,AGCGCCAA,0.470
stp_47_2,TTATTAGC,0.224
stp_44_1,AAACATCGCCATTAAA,1.000
stp_44_0,ACGAACCA,0.540
stp_44_2,TGGTGGTT,0.571
stp_45_1,AGATAGAACCCTTCTG,1.000
stp_45_0,CTAAAGCA,0.307
stp_45_2,AATCGTCT,0.356
stp_42_1,TGTAAAACGACGGCCA,1.000
stp_42_0,GGGAGAGG,0.573
stp_42_2,TTCCCAGT,0.727
stp_43_1,CGACAATAAACAACAT,0.999
stp_43_0,TCATTACC,0.295
stp_43_2,ATTTAGGC,0.548
stp_40_1,ATAAATCCTCATTAAA,1.000
stp_40_0,AGGGTTGA,0.438
stp_40_2,TGATATTC,0.268
stp_41_1,GTTTCCTGTGTGAAAT,1.000
stp_41_0,GTGAGCTA,0.501
stp_41_2,TTGGGAAG,0.280
stp_1_1,ACCAGGCGGATAAGTG,1.000
stp_1_0,GGAAAGCG,0.397
stp_1_2,AATAGGTG,0.501
stp_5_1,GCCCTTCACCGCCTGG,1.000
stp_5_0,AGTTTGGA,0.423
stp_5_2,TTGCGCTC,0.789
stp_9_1,AATAGAAAATTCATAT,1.000
stp_9_0,AATCACCA,0.209
stp_9_2,ATAACGGA,0.185
stp_146_1,GTCAGACGATTGGCCT,1.000
stp_146_0,TGCCTTTA,0.294
stp_146_2,GCCAGAAT,0.243
stp_147_1,ATAAGAGCAAGAAACA,1.000
stp_147_0,GAAGGAAA,0.266
stp_147_2,ACAGCCAT,0.399
stp_144_1,GCGTCAGACTGTAGCG,1.000
stp_144_0,TGAGGCAG,0.512
stp_144_2,TAGCAAGG,0.350
stp_145_1,ACAACGCCAACATGTA,1.000
stp_145_0,AATGGTTT,0.254
stp_145_2,GTTCAGCT,0.666
stp_142_1,TTATTTACATTGGCAG,1.000
stp_142_0,GAAATGGA,0.483
stp_142_2,ACATTCTG,0.630
stp_143_1,GACGGGAGAATTAACT,1.000
stp_143_0,TACATACA,0.464
stp_143_2,ACAGGGAA,0.412
stp_140_1,TTTTTGAGAGATCTAC,1.000
stp_140_0,CAACGCAA,0.366
stp_140_2,TGATAATC,0.390
stp_141_1,GTAATGGGATAGGTCA,1.000
stp_141_0,CACGACGT,0.895
stp_141_2,AAACGGCG,0.842
stp_209_1,TCATAAGGGAACCGAA,1.000
stp_209_0,GGACGTTG,0.557
stp_209_2,AGGCGCAG,0.696
stp_208_1,GAACAAAGAAACCACC,1.000
stp_208_0,CTAAAATA,0.212
stp_208_2,AGGGTTAG,0.551
stp_148_1,CGCATCGTAACCGTGC,1.000
stp_148_0,ATTAAGTT,0.247
stp_148_2,GAGTAACA,0.232
stp_149_1,CCTCAGAGCCGCCACC,0.497
stp_149_0,GTTTGCCA,0.334
stp_149_2,GATACAGG,0.272
stp_77_1,ACTAATAGTAGTAGCA,1.000
stp_77_0,CGAGTAGA,0.432
stp_77_2,AACCCTCA,0.122
stp_76_1,CTCCAACAGGTCAGGA,1.000
stp_76_0,TCAGAAGC,0.664
stp_76_2,TCTGCGAA,0.621
stp_75_1,ACCCTCAGAACCGCCA,0.333
stp_75_0,AACCAGAG,0.269
stp_75_2,GGGGTCAG,0.763
stp_74_1,CCGAGGAAACGCAATA,1.000
stp_74_0,GCCCAATA,0.265
stp_74_2,GGTTTACC,0.558
stp_73_1,TGCCGGAAACCAGGCA,1.000
stp_73_0,TTCGCCAT,0.283
stp_73_2,AACAGTAC,0.256
stp_72_1,CCCAAAAACAGGAAGA,1.000
stp_72_0,CTTTCATC,0.255
stp_72_2,CCGGAGAG,0.620
stp_71_1,TAAAGGTGGCAACATA,1.000
stp_71_0,AGCACCGT,0.707
stp_71_2,GTAGAAAA,0.159
stp_70_1,TCGTTTACCAGACGAC,1.000
stp_70_0,GGAATTAC,0.252
stp_70_2,AAAAGATT,0.136
stp_79_1,CGGTTTGCGTATTGGG,1.000
stp_79_0,TATCAGGG,0.404
stp_79_2,AACGCGCG,0.835
stp_78_1,ACACCACGGAATAAGT,1.000
stp_78_0,CCGGAAAC,0.278
stp_78_2,AAGACTCC,0.447
