"id","sequence","probability"
stp_56_1,TGCGCAACTGTTGGGAAGGGC,1.000
stp_56_0,GGCTTAACTATGCGGCATCAG,1.000
stp_54_1,ATAAAGTGTAAAGCCTGGGGT,1.000
stp_54_0,GGGGATCCTCTAGAGTCGACC,1.000
stp_42_1,GTGCAAAAAAGCGGTT,1.000
stp_42_0,ATCACTCA,0.544
stp_42_2,GTGTCACG,0.870
stp_48_1,ACGGTCACAGCTTGTC,1.000
stp_48_0,GATGCCGG,0.718
stp_48_2,TGAGCAAAAACAGGAA,1.000
stp_43_1,GGGATAATACCGCGCC,1.000
stp_43_0,TCTGTGAC,0.904
stp_43_2,GAAAACGT,0.776
stp_60_1,TTAATCAGTGAGGCACCTATC,1.000
stp_60_0,ATTTTGGTCATGAGATTATCA,1.000
stp_61_1,CGCTCACCGGCTCCAGATTTA,1.000
stp_61_0,TCAGCGATCTGTCTATTTCGT,1.000
stp_62_1,AATAGTTTGCGCAACGTTGTT,1.000
stp_62_0,TCAGCAATAAACCAGCCAGCC,1.000
stp_63_1,AGCTCCTTCGGTCCTCCGATC,1.000
stp_63_0,GCCATTGCTACAGGCATCGTG,1.000
stp_64_1,AAGTCATTCTGAGAATAGTGT,1.000
stp_64_0,GTTGTCAGAAGTAAGTTGGCC,1.000
stp_49_1,CATGCAGCTCCCGGAG,1.000
stp_49_0,GGCAAAATGCCGCAAA,1.000
stp_49_2,GAGCAGAC,0.670
stp_66_1,AAAGGGAATAAGGGCGACACGGAAATGTTGAATACTC,1.000
stp_66_0,CTCTGACA,0.701
stp_67_1,GCCACTGGCAGCAGCCACTGGTAACAGGATTAGCAGA,1.000
stp_67_0,CTTGAAGT,0.886
stp_68_1,CCGACCGCTGCGCCTTATCCGGTAACTATCGT,1.000
stp_68_0,CATAGCTC,0.331
stp_68_2,CCTTCGGG,0.363
stp_69_1,CAGCATCTTTTACTTTCACCAGCGTTTCTGGG,1.000
stp_69_0,TCTTCGGG,0.452
stp_69_2,AAAGTGCT,0.746
stp_52_1,ATGTGAGCAAAAGGCCAGCAA,1.000
stp_52_0,GCTTCCTCGCTCACTGACTCG,1.000
stp_53_1,TTGCGTATTGGGCGCTCTTCC,1.000
stp_53_0,GCCTAATGAGTGAGCTAACTC,1.000
stp_24_1,CAGCTCCGGTTCCCAA,1.000
stp_24_0,GCGAGTTA,0.705
stp_24_2,CAGTCTAT,0.695
stp_25_1,GAAAGGGGGATGTGCT,1.000
stp_25_0,TCAGGCGC,0.902
stp_25_2,TTCCCAGT,0.798
stp_26_1,TGTGAAATACCGCACA,1.000
stp_26_0,AGGAGAAA,0.758
stp_26_2,TGTAAGCG,0.891
stp_27_1,CAGGGCGCGTCAGCGG,1.000
stp_27_0,GTACTGAG,0.750
stp_27_2,GTGAAAAC,0.597
stp_20_1,TGTAAAACGACGGCCA,1.000
stp_20_0,TGCAAGCT,0.645
stp_20_2,TATTACGC,0.485
stp_21_1,TGGCGTAATCATGGTC,1.000
stp_21_0,CACGACGT,0.953
stp_21_2,TCACAATT,0.761
stp_22_1,GCAAGGCGATTAAGTT,1.000
stp_22_0,CCAGGGTT,0.858
stp_22_2,GATGCGTA,0.591
stp_23_1,CATTCGCCATTCAGGC,1.000
stp_23_0,CAGCTGGC,0.722
stp_23_2,AGCAGATT,0.363
stp_46_1,CTACACTAGAAGAACA,1.000
stp_46_0,TATCTGCG,0.799
stp_46_2,CTTGAGTCCAACCCGG,1.000
stp_47_1,GGTGGCCTAACTACGG,1.000
stp_47_0,TAAGACACGACTTATC,1.000
stp_47_2,CTCTGCTG,0.887
stp_44_1,TGGTGAGTACTCAACC,1.000
stp_44_0,GTCAATAC,0.817
stp_44_2,GCAGTGTT,0.911
stp_45_1,GCGAAAACTCTCAAGG,1.000
stp_45_0,CTGATCTT,0.575
stp_45_2,TGCCCGGC,0.976
stp_28_1,GCATAATTCTCTTACT,1.000
stp_28_0,ATCCGTAA,0.578
stp_28_2,CGATCAAG,0.808
stp_29_1,AGTGCACCATATGCGG,1.000
stp_29_0,AAGCCCGT,0.752
stp_29_2,ATACCGCA,0.346
stp_40_1,AAGTAGTTCGCCAGTT,1.000
stp_40_0,CTCGTCGT,0.898
stp_40_2,GGAAGGGC,0.479
stp_41_1,TGGTTATGGCAGCACT,1.000
stp_41_0,CCCATGTT,0.961
stp_41_2,GATGCTTT,0.758
stp_1_0,AGTTCGATGTAACCCACTCGTGCACCCAA,1.000
stp_0_0,TCCAAGCTGGGCTGTGTGCACGAACCCCC,1.000
stp_3_1,CCTGTCCGCCTTTCTC,1.000
stp_3_0,AAGCGTGG,0.955
stp_3_2,CACAAAAA,0.727
stp_2_1,ACGCTGTAGGTATCTC,1.000
stp_2_0,CGTTCAGC,0.877
stp_2_2,TCTCCTGT,0.876
stp_5_1,TGCCGCTTACCGGATA,1.000
stp_5_0,AGGTGGCG,0.821
stp_5_2,CGCTTTCT,0.504
stp_4_1,AAACCCGACAGGACTA,1.000
stp_4_0,TCCGACCC,0.928
stp_4_2,GCCGCGTT,0.955
stp_7_1,TAACGCAGGAAAGAAC,1.000
stp_7_0,GCTGGCGT,0.603
stp_7_2,CTGCGCTC,0.285
stp_6_1,CCCCCCTGACGAGCAT,1.000
stp_6_0,TCGACGCT,0.939
stp_6_2,GCGGTAAT,0.531
stp_9_1,TTTTCCATAGGCTCCG,1.000
stp_9_0,TCAGGGGA,0.820
stp_9_2,CAAGTCAG,0.458
stp_8_1,GCGCAGAAAAAAAGGA,1.000
stp_8_0,AGATCCTT,0.414
stp_8_2,GTATTTGG,0.727
stp_51_1,TAAAGATACCAGGCGTTTCCC,1.000
stp_51_0,AAGGCCAGGAACCGTAAAAAG,1.000
stp_39_1,TTGGTATGGCTTCATT,1.000
stp_39_0,GCTAGAGT,0.780
stp_39_2,CATGATCC,0.767
stp_65_1,ATCTTACCGCTGTTGAGATCC,1.000
stp_65_0,ATGCGGCGACCGAGTTGCTCT,1.000
stp_38_1,GAAGTGGTCCTGCAAC,1.000
stp_38_0,GCTGCAAT,0.491
stp_38_2,GCCGGGAA,0.620
stp_59_1,AACGAAAACTCACGTTAAGGG,1.000
stp_59_0,AAACAAACCACCGCTGGTAGC,1.000
stp_58_1,GTTGGTAGCTCTTGATCCGGC,1.000
stp_58_0,GCGAGGTATGTAGGCGGTGCT,1.000
stp_11_1,CGCGGGGAGAGGCGGT,1.000
stp_11_0,GGTCGTTC,0.466
stp_11_2,ACATTAAT,0.534
stp_10_1,ATCAGCTCACTCAAAG,1.000
stp_10_0,ACGGTTAT,0.542
stp_10_2,TCGTGCCA,0.912
stp_13_1,GGCTGCGGCGAGCGGT,1.000
stp_13_0,GGCCAACG,0.970
stp_13_2,CCACAGAA,0.886
stp_12_1,AAAATGAAGTTTTAAA,1.000
stp_12_0,AAGTATAT,0.441
stp_12_2,TCTCAAGA,0.383
stp_15_1,GCTCACTGCCCGCTTT,1.000
stp_15_0,CCACACAA,0.969
stp_15_2,AATGAATC,0.709
stp_14_1,GATAACTACGATACGG,1.000
stp_14_0,ACCATCTG,0.896
stp_14_2,TCAATCTA,0.822
stp_17_1,CCAGTCGGGAAACCTG,1.000
stp_17_0,GCTGCATT,0.680
stp_17_2,TGAAATTG,0.846
stp_16_1,TTTATCCGCCTCCATC,1.000
stp_16_0,TAATTGTT,0.365
stp_16_2,GAGGGCTT,0.859
stp_19_1,ATAGCTGTTTCCTGTG,1.000
stp_19_0,TTATCCGC,0.440
stp_19_2,GGGTAACG,0.917
stp_18_1,CATACGAGCCGGAAGC,1.000
stp_18_0,TGCGTTGC,0.495
stp_18_2,TGCAGGCA,0.916
stp_31_1,GCAAGCAGCAGATTAC,1.000
stp_31_0,AAGCCAGT,0.530
stp_31_2,TGATCTTT,0.543
stp_30_1,ACATAGCAGAACTTTA,1.000
stp_30_0,CATCATTG,0.844
stp_30_2,GTCATGCC,0.943
stp_37_1,GATACCGCGAGACCCA,1.000
stp_37_0,CGAGCGCA,0.950
stp_37_2,TCATCCAT,0.720
stp_36_1,TGACAGTTACCAATGC,1.000
stp_36_0,AGTTGCCT,0.621
stp_36_2,AAAAGGAT,0.265
stp_35_1,GACTCCCCGTCGTGTA,1.000
stp_35_0,ACTTGGTC,0.898
stp_35_2,GCCCCAGT,0.973
stp_34_1,GTCTGACGCTCAGTGG,1.000
stp_34_0,CTTCACCT,0.852
stp_34_2,GGTGGTTT,0.805
stp_33_1,AGATCCTTTTAAATTA,1.000
stp_33_0,TCTACGGG,0.665
stp_33_2,ATGAGTAA,0.454
stp_55_1,GTGAATTCGAGCTCGGTACCC,1.000
stp_55_0,GATCGGTGCGGGCCTCTTCGC,1.000
stp_32_1,TACCTTCGGAAAAAGA,1.000
stp_32_0,TTTTGTTT,0.759
stp_32_2,ACAGAGTT,0.760
stp_57_1,GTGTTGGCGGGTGTCGGGGCT,1.000
stp_57_0,TCGCGCGTTTCGGTGATGACG,1.000
stp_50_1,AGTTCGGTGTAGGTCGTTCGC,1.000
stp_50_0,CCTGGAAGCTCCCTCGTGCGC,1.000
